ActorID,Actor,,,,,
1,Chris Evans,,,,,
2,Ana de Armas,,,,,
3,Adrien Brody,,,,,
4,Mike Moh,,,,,
5,Tate Donovan,,,,,
6,Amy Sedaris,,,,,
7,Lizze Broadway,,,,,
8,Mustafa Shakir,,,,,
9,Anthony Mackie,,,,,
10,John Cho,,,,,
11,Sebastian Stan,,,,,
12,Ryan Reynolds,,,,,
13,Anna Deavere Smith,,,,,
14,Tim Blake Nelson,,,,,
15,Tiya Sircar,,,,,
16,Steve Park,,,,,
17,Humza Shabazz,,,,,
18,Burn Gorman,,,,,
19,Marwan Kenzari,,,,,
20,Israel Vaughan,,,,,
21,Victoria Kelleher,,,,,
22,Jordan Blair Mangold Brown,,,,,
23,Zane Shaw,,,,,
24,Stephanie Weis,,,,,
25,Dexter Fletcher,,,,,
26,Ivette Alvarez,,,,,
27,Scott Andersen,,,,,
28,Sarah E Arriaga,,,,,
29,Yousuf Azami,,,,,
30,Nigel Barto,,,,,
31,Keiko Bell,,,,,
32,Shane Berengue,,,,,
33,Matthew Bernard,,,,,
34,Kent Booker,,,,,
35,Stephen Branson,,,,,
36,Ryan Austin Bryant,,,,,
37,Walter J. Buck,,,,,
38,John David Bulla,,,,,
39,Christopher Cocke,,,,,
40,Bruce Cooper,,,,,
41,Marisol Correa,,,,,
42,Daniel Eghan,,,,,
43,Fahim Fazli,,,,,
44,Sharon Forbes,,,,,
45,Brian Foreman,,,,,
46,Sabrina Gallet,,,,,
47,Lovell Gates,,,,,
48,Sasha Go,,,,,
49,Anthony Gullotta,,,,,
50,Kevin Howell,,,,,
51,Alex D. Jennings,,,,,
52,Annabelle Jones,,,,,
53,Juiceslf,,,,,
54,Gina Jun,,,,,
55,Ryan Nelson Kelly,,,,,
56,Bradley King,,,,,
57,Cora Maple Lindell,,,,,
58,Gary Maniloff,,,,,
59,Lisa Mattheis,,,,,
60,Bailey MB,,,,,
61,Morgan Middlebrook,,,,,
62,Emanuel Perez,,,,,
63,Juliuss Rapier,,,,,
64,Kate Riddle,,,,,
65,Melinda Russell,,,,,
66,Luis Sanchez,,,,,
67,Ruby Singleton,,,,,
68,Robert Tinsley,,,,,
69,William G. Tomek,,,,,
70,Ronald Joe Vasquez,,,,,
71,Scott Vogel,,,,,
72,Chris J. Wright,,,,,
73,Adam Driver,,,,,
74,Ariana Greenblatt,,,,,
75,Chloe Coleman,,,,,
76,Nika King,,,,,
77,Brian Dare,,,,,
78,Zachary Levi,,,,,
79,Asher Angel,,,,,
80,Jack Dylan Grazer,,,,,
81,Rachel Zegler,,,,,
82,Adam Brody,,,,,
83,Ross Butler,,,,,
84,D.J. Cotrona,,,,,
85,Grace Caroline Currey,,,,,
86,Meagan Good,,,,,
87,Lucy Liu,,,,,
88,Djimon Hounsou,,,,,
89,Helen Mirren,,,,,
90,Faithe Herman,,,,,
91,Ian Chen,,,,,
92,Jovan Armand,,,,,
93,Marta Milans,,,,,
94,Cooper Andrews,,,,,
95,Rizwan Manji,,,,,
96,Diedrich Bader,,,,,
97,P.J. Byrne,,,,,
98,David Lengel,,,,,
99,Rick Andosca,,,,,
100,Erica Frene,,,,,
101,Lotta Losten,,,,,
102,Natalia Safran,,,,,
103,Hillary Harley,,,,,
104,Lou Lou Safran,,,,,
105,Tara Jones,,,,,
106,Ed Force,,,,,
107,Milli M.,,,,,
108,Carson MacCormac,,,,,
109,Evan Marsh,,,,,
110,Taylor Cahill,,,,,
111,Sebrena Sumrah-Kelly,,,,,
112,Wolf Blitzer,,,,,
113,Michael Beasley,,,,,
114,Robert Walker Branchaud,,,,,
115,Jessica Fontaine,,,,,
116,Aaliyah Luu,,,,,
117,Bonnie Discepolo,,,,,
118,Michael Gray,,,,,
119,F. Douglas Hall II,,,,,
120,James Pilsung,,,,,
121,Richie Acevedo,,,,,
122,Steve Agee,,,,,
123,Kathryn Andrea,,,,,
124,Marissa Bennett,,,,,
125,Stephen Branson,,,,,
126,Jeff Bukowski,,,,,
127,Chloe Camp,,,,,
128,Zach Catanzareti,,,,,
129,Jamel D. Chambers,,,,,
130,Chloe Childs,,,,,
131,Christopher Cocke,,,,,
132,Clay Comer,,,,,
133,Marc Demeter,,,,,
134,Jordan Foster,,,,,
135,Cameron Michael Frink,,,,,
136,Gal Gadot,,,,,
137,Abby Glover,,,,,
138,Michael Mario Good,,,,,
139,Alonzo Hester,,,,,
140,Kelvin Hodge,,,,,
141,Jennifer Holland,,,,,
142,Joy A. Kennelly,,,,,
143,Bradley Ryan Knispel,,,,,
144,Colton Langan,,,,,
145,Babatunde Oyewo,,,,,
146,George Peroulas,,,,,
147,Sia Poorak,,,,,
148,Kimi Price Queguiner,,,,,
149,Patrick Reidy,,,,,
150,Derek Russo,,,,,
151,Hana Soomro,,,,,
152,Robert Tinsley,,,,,
153,Carter Williams,,,,,
154,Sam Zheng,,,,,
,,,,,,
,,,,,,
,,,,,,
,,,,,,
,,,,,,
,,,,,,
,,,,,,
,,,,,,
,,,,,,
,,,,,,
,,,,,,
,,,,,,
,,,,,,
,,,,,,
,,,,,,
,,,,,,
,,,,,,
,,,,,,
,,,,,,
,,,,,,
,,,,,,
,,,,,,
,,,,,,
,,,,,,
,,,,,,
